﻿double endGame[][]={
  {}
}

<?xml version="1.0" encoding="utf-8" ?>
<StartMetricWeights GameType="Base+MLP">
  <QueenBee.InPlayWeight>63558.424116300164</QueenBee.InPlayWeight>
  <QueenBee.IsPinnedWeight>-16068.975008474492</QueenBee.IsPinnedWeight>
  <QueenBee.IsCoveredWeight>-10847.56765389993</QueenBee.IsCoveredWeight>
  <QueenBee.NoisyMoveWeight>-27548.36384306823</QueenBee.NoisyMoveWeight>
  <QueenBee.QuietMoveWeight>-58684.53995399401</QueenBee.QuietMoveWeight>
  <QueenBee.FriendlyNeighborWeight>6083.816305341258</QueenBee.FriendlyNeighborWeight>
  <QueenBee.EnemyNeighborWeight>-16777.90671222724</QueenBee.EnemyNeighborWeight>
  <Spider.InPlayWeight>-78668.57111290144</Spider.InPlayWeight>
  <Spider.IsPinnedWeight>-40182.83585644461</Spider.IsPinnedWeight>
  <Spider.IsCoveredWeight>3522.4688484300345</Spider.IsCoveredWeight>
  <Spider.NoisyMoveWeight>96533.76080639324</Spider.NoisyMoveWeight>
  <Spider.QuietMoveWeight>24696.29074524807</Spider.QuietMoveWeight>
  <Spider.FriendlyNeighborWeight>-38936.63081162773</Spider.FriendlyNeighborWeight>
  <Spider.EnemyNeighborWeight>-23840.635072629706</Spider.EnemyNeighborWeight>
  <Beetle.InPlayWeight>-292118.4826934236</Beetle.InPlayWeight>
  <Beetle.IsPinnedWeight>42682.09004360313</Beetle.IsPinnedWeight>
  <Beetle.IsCoveredWeight>4481.178845826221</Beetle.IsCoveredWeight>
  <Beetle.NoisyMoveWeight>17665.014704305027</Beetle.NoisyMoveWeight>
  <Beetle.QuietMoveWeight>-30118.546365364382</Beetle.QuietMoveWeight>
  <Beetle.FriendlyNeighborWeight>-330519.2236168998</Beetle.FriendlyNeighborWeight>
  <Beetle.EnemyNeighborWeight>-15571.384868146333</Beetle.EnemyNeighborWeight>
  <Grasshopper.InPlayWeight>-62143.66709528388</Grasshopper.InPlayWeight>
  <Grasshopper.IsPinnedWeight>-37382.75816433833</Grasshopper.IsPinnedWeight>
  <Grasshopper.IsCoveredWeight>7376.7071386644275</Grasshopper.IsCoveredWeight>
  <Grasshopper.NoisyMoveWeight>81774.27711240177</Grasshopper.NoisyMoveWeight>
  <Grasshopper.QuietMoveWeight>4185.887177023414</Grasshopper.QuietMoveWeight>
  <Grasshopper.FriendlyNeighborWeight>-46514.16457826511</Grasshopper.FriendlyNeighborWeight>
  <Grasshopper.EnemyNeighborWeight>-29599.124484381024</Grasshopper.EnemyNeighborWeight>
  <SoldierAnt.InPlayWeight>150335.73123164993</SoldierAnt.InPlayWeight>
  <SoldierAnt.IsPinnedWeight>-54347.58400587852</SoldierAnt.IsPinnedWeight>
  <SoldierAnt.IsCoveredWeight>2181.3845855769014</SoldierAnt.IsCoveredWeight>
  <SoldierAnt.NoisyMoveWeight>-12190.782082844375</SoldierAnt.NoisyMoveWeight>
  <SoldierAnt.QuietMoveWeight>-2768.31388448452</SoldierAnt.QuietMoveWeight>
  <SoldierAnt.FriendlyNeighborWeight>-24781.768062011586</SoldierAnt.FriendlyNeighborWeight>
  <SoldierAnt.EnemyNeighborWeight>-124949.7080146349</SoldierAnt.EnemyNeighborWeight>
  <Ladybug.InPlayWeight>2403.5193930400983</Ladybug.InPlayWeight>
  <Ladybug.IsPinnedWeight>2403.5193930400983</Ladybug.IsPinnedWeight>
  <Ladybug.QuietMoveWeight>-11221.051806351792</Ladybug.QuietMoveWeight>
  <Ladybug.FriendlyNeighborWeight>2385.4588234124367</Ladybug.FriendlyNeighborWeight>
  <Ladybug.EnemyNeighborWeight>1410.332157926724</Ladybug.EnemyNeighborWeight>
</StartMetricWeights>
<EndMetricWeights GameType="Base+MLP">
  <QueenBee.InPlayWeight>13432.951885680533</QueenBee.InPlayWeight>
  <QueenBee.IsPinnedWeight>-129954.41883899852</QueenBee.IsPinnedWeight>
  <QueenBee.IsCoveredWeight>-20359.393475776742</QueenBee.IsCoveredWeight>
  <QueenBee.NoisyMoveWeight>72291.27947098055</QueenBee.NoisyMoveWeight>
  <QueenBee.QuietMoveWeight>95774.84135111222</QueenBee.QuietMoveWeight>
  <QueenBee.FriendlyNeighborWeight>-317466.59939896787</QueenBee.FriendlyNeighborWeight>
  <QueenBee.EnemyNeighborWeight>-538148.8342704792</QueenBee.EnemyNeighborWeight>
  <Spider.InPlayWeight>25435.882238354585</Spider.InPlayWeight>
  <Spider.IsPinnedWeight>-46539.05096879799</Spider.IsPinnedWeight>
  <Spider.IsCoveredWeight>7318.062445533153</Spider.IsCoveredWeight>
  <Spider.NoisyMoveWeight>139756.22020687832</Spider.NoisyMoveWeight>
  <Spider.QuietMoveWeight>-20695.847798165196</Spider.QuietMoveWeight>
  <Spider.FriendlyNeighborWeight>21040.37841289118</Spider.FriendlyNeighborWeight>
  <Spider.EnemyNeighborWeight>47143.13584635398</Spider.EnemyNeighborWeight>
  <Beetle.InPlayWeight>-47942.30787762037</Beetle.InPlayWeight>
  <Beetle.IsPinnedWeight>-48021.26522496219</Beetle.IsPinnedWeight>
  <Beetle.IsCoveredWeight>9325.20680229596</Beetle.IsCoveredWeight>
  <Beetle.NoisyMoveWeight>142117.44307757894</Beetle.NoisyMoveWeight>
  <Beetle.QuietMoveWeight>11689.30208954932</Beetle.QuietMoveWeight>
  <Beetle.FriendlyNeighborWeight>36462.79568546643</Beetle.FriendlyNeighborWeight>
  <Beetle.EnemyNeighborWeight>63931.69017718444</Beetle.EnemyNeighborWeight>
  <Grasshopper.InPlayWeight>62698.37281422093</Grasshopper.InPlayWeight>
  <Grasshopper.IsPinnedWeight>-82598.03083886552</Grasshopper.IsPinnedWeight>
  <Grasshopper.IsCoveredWeight>24024.225201639405</Grasshopper.IsCoveredWeight>
  <Grasshopper.NoisyMoveWeight>105510.87832342245</Grasshopper.NoisyMoveWeight>
  <Grasshopper.QuietMoveWeight>-12497.189426607008</Grasshopper.QuietMoveWeight>
  <Grasshopper.FriendlyNeighborWeight>13656.02929100097</Grasshopper.FriendlyNeighborWeight>
  <Grasshopper.EnemyNeighborWeight>24316.040387962978</Grasshopper.EnemyNeighborWeight>
  <SoldierAnt.InPlayWeight>132380.04004659085</SoldierAnt.InPlayWeight>
  <SoldierAnt.IsPinnedWeight>-51035.8531595224</SoldierAnt.IsPinnedWeight>
  <SoldierAnt.IsCoveredWeight>-1515.3280863367781</SoldierAnt.IsCoveredWeight>
  <SoldierAnt.NoisyMoveWeight>53866.8750489757</SoldierAnt.NoisyMoveWeight>
  <SoldierAnt.QuietMoveWeight>4129.437215966653</SoldierAnt.QuietMoveWeight>
  <SoldierAnt.FriendlyNeighborWeight>14307.12578295306</SoldierAnt.FriendlyNeighborWeight>
  <SoldierAnt.EnemyNeighborWeight>21240.12696300159</SoldierAnt.EnemyNeighborWeight>
  <Ladybug.InPlayWeight>428.1203911929252</Ladybug.InPlayWeight>
  <Ladybug.IsPinnedWeight>428.1203911929252</Ladybug.IsPinnedWeight>
  <Ladybug.QuietMoveWeight>-2037.2972162731394</Ladybug.QuietMoveWeight>
  <Ladybug.FriendlyNeighborWeight>426.07017642756523</Ladybug.FriendlyNeighborWeight>
  <Ladybug.EnemyNeighborWeight>250.7808349726646</Ladybug.EnemyNeighborWeight>
</EndMetricWeights>