Trial,Fitness,Start_Time,End_Time,Param_Name,Param_Value
1,0.045,2025-08-07 14:29:29.342510,2025-08-07 14:41:22.611802,QueenMoveWeight,200.0,numActionWeight,80.0,noisyWeight_0,140.0,noisyWeight_1,140.0,noisyWeight_2,105.0,noisyWeight_3,95.0,noisyWeight_4,53.0,noisyWeight_5,34.0,noisyWeight_6,140.0,noisyWeight_7,100.0,coveredWeight_0,-45.0,coveredWeight_1,-48.0,coveredWeight_2,-82.0,coveredWeight_3,-130.0,coveredWeight_4,-51.0,coveredWeight_5,-47.0,coveredWeight_6,-45.0,coveredWeight_7,-70.0,numEnemyCloseWeight_0,47.0,numEnemyCloseWeight_1,63.0,numEnemyCloseWeight_2,24.0,numEnemyCloseWeight_3,-538.0,numEnemyCloseWeight_4,21.0,numEnemyCloseWeight_5,20.0,numEnemyCloseWeight_6,9.0,numEnemyCloseWeight_7,30.0,totalNumCloseWeight_0,21.0,totalNumCloseWeight_1,36.0,totalNumCloseWeight_2,13.0,totalNumCloseWeight_3,-317.0,totalNumCloseWeight_4,14.0,totalNumCloseWeight_5,9.0,totalNumCloseWeight_6,4.0,totalNumCloseWeight_7,40.0,placedWeight_0,25.0,placedWeight_1,48.0,placedWeight_2,63.0,placedWeight_3,13.0,placedWeight_4,132.0,placedWeight_5,35.0,placedWeight_6,20.0,placedWeight_7,50.0
2,0.047099999999999996,2025-08-07 14:41:22.663829,2025-08-07 14:53:53.180004,QueenMoveWeight,371.1254362506735,numActionWeight,91.23093394149303,noisyWeight_0,6.083542830713384,noisyWeight_1,-175.7960731848871,noisyWeight_2,84.97333923497752,noisyWeight_3,-48.678106166655056,noisyWeight_4,102.30282996990206,noisyWeight_5,-187.66777459687543,noisyWeight_6,-145.88447458571258,noisyWeight_7,107.63445535675089,coveredWeight_0,250.29412384298166,coveredWeight_1,60.366915511877494,coveredWeight_2,275.4682767316284,coveredWeight_3,-54.21750465287309,coveredWeight_4,-153.47580975466323,coveredWeight_5,-199.06382367987493,coveredWeight_6,-75.40331515379097,coveredWeight_7,28.916798517209884,numEnemyCloseWeight_0,49.38867694990074,numEnemyCloseWeight_1,168.33394253944527,numEnemyCloseWeight_2,7.204586111083472,numEnemyCloseWeight_3,147.0542770027596,numEnemyCloseWeight_4,130.12071937248618,numEnemyCloseWeight_5,71.75993075031272,numEnemyCloseWeight_6,-157.22779954350273,numEnemyCloseWeight_7,-236.67993407549767,totalNumCloseWeight_0,-137.55762939330157,totalNumCloseWeight_1,-57.479893891842494,totalNumCloseWeight_2,-393.4228009126075,totalNumCloseWeight_3,-435.3679539318698,totalNumCloseWeight_4,-507.88189543435493,totalNumCloseWeight_5,160.26535931658873,totalNumCloseWeight_6,57.552218124175965,totalNumCloseWeight_7,-97.5657445880268,placedWeight_0,-548.5655300607542,placedWeight_1,-78.68182200127421,placedWeight_2,557.9955985741051,placedWeight_3,343.14748123625384,placedWeight_4,-500.5973230850026,placedWeight_5,-65.63813541665343,placedWeight_6,-498.0487655749161,placedWeight_7,-592.1067151008757
6,1.1814,2025-08-08 17:51:31.414762,2025-08-08 18:05:42.984327,pillbugNearQ,15000.0,mosquitoNearStrong,10000.0,spiderDistance,10000.0,queenGate,40000.0,ringPenalty,30000.0,inPlay_0,25436.0,inPlay_1,-47942.0,inPlay_2,62698.0,inPlay_3,13433.0,inPlay_4,132380.0,inPlay_5,35702.0,inPlay_6,428.0,inPlay_7,-3.0,isPinned_0,-46539.0,isPinned_1,-48021.0,isPinned_2,-82598.0,isPinned_3,-129954.0,isPinned_4,-51036.0,isPinned_5,-47853.0,isPinned_6,428.0,isPinned_7,36.0,isCovered_0,7318.0,isCovered_1,9325.0,isCovered_2,24024.0,isCovered_3,-20359.0,isCovered_4,-1515.0,isCovered_5,-5471.0,isCovered_6,1.0,isCovered_7,1.0,noisyWeight_0,139756.0,noisyWeight_1,142117.0,noisyWeight_2,105511.0,noisyWeight_3,72291.0,noisyWeight_4,53867.0,noisyWeight_5,34855.0,noisyWeight_6,-327.0,noisyWeight_7,-327.0,quietWeight_0,-20696.0,quietWeight_1,11689.0,quietWeight_2,-12497.0,quietWeight_3,95775.0,quietWeight_4,4129.0,quietWeight_5,3658.0,quietWeight_6,-2037.0,quietWeight_7,-5.0,friendlyNeighbor_0,21040.0,friendlyNeighbor_1,36463.0,friendlyNeighbor_2,13656.0,friendlyNeighbor_3,-317467.0,friendlyNeighbor_4,14307.0,friendlyNeighbor_5,9199.0,friendlyNeighbor_6,426.0,friendlyNeighbor_7,1.0,enemyNeighbor_0,47143.0,enemyNeighbor_1,63937.0,enemyNeighbor_2,24316.0,enemyNeighbor_3,-538149.0,enemyNeighbor_4,21240.0,enemyNeighbor_5,20205.0,enemyNeighbor_6,0.0,enemyNeighbor_7,25.0
7,0.0588,2025-08-08 18:05:43.018849,2025-08-08 18:19:39.095461,pillbugNearQ,504805.3180364431,mosquitoNearStrong,114352.56461939377,spiderDistance,497003.13146261504,queenGate,523835.7064316977,ringPenalty,145088.8983997489,inPlay_0,261843.28687557357,inPlay_1,-158040.23991872254,inPlay_2,-131998.7160184349,inPlay_3,-50426.53001650225,inPlay_4,526345.8020745735,inPlay_5,63417.95124805102,inPlay_6,-269450.45021793025,inPlay_7,-176228.18602671055,isPinned_0,-44216.594359076465,isPinned_1,-256497.9990267044,isPinned_2,80699.78298966342,isPinned_3,-25021.68225209834,isPinned_4,87921.09149144287,isPinned_5,543381.0586315584,isPinned_6,-507075.4538280195,isPinned_7,-435041.467846785,isCovered_0,449285.7635425993,isCovered_1,166691.87622506474,isCovered_2,-448811.91229660856,isCovered_3,143977.22849922022,isCovered_4,-470379.70022783626,isCovered_5,-412289.7642241558,isCovered_6,152832.4329664918,isCovered_7,280821.3166159425,noisyWeight_0,168765.55873884493,noisyWeight_1,-187076.67482793552,noisyWeight_2,-432369.8993523391,noisyWeight_3,230272.62958176318,noisyWeight_4,-71929.14463956177,noisyWeight_5,-493770.8573470258,noisyWeight_6,-454513.1792598817,noisyWeight_7,-408500.1011234678,quietWeight_0,322235.8048667513,quietWeight_1,177051.1141640445,quietWeight_2,-81668.19437981851,quietWeight_3,419627.15603859,quietWeight_4,426822.91035922675,quietWeight_5,-5499.720449690358,quietWeight_6,565876.6901523243,quietWeight_7,-198754.15435081965,friendlyNeighbor_0,13577.479801359004,friendlyNeighbor_1,21687.451625066344,friendlyNeighbor_2,173815.44204112294,friendlyNeighbor_3,-528644.8236359914,friendlyNeighbor_4,584084.2837621958,friendlyNeighbor_5,126185.15725823247,friendlyNeighbor_6,158105.7582992583,friendlyNeighbor_7,503472.50391583773,enemyNeighbor_0,38579.57620832778,enemyNeighbor_1,536349.7353434616,enemyNeighbor_2,-583319.1601082452,enemyNeighbor_3,-183199.27545617486,enemyNeighbor_4,410811.02872581896,enemyNeighbor_5,-331380.0834831503,enemyNeighbor_6,131601.41034251289,enemyNeighbor_7,345102.4458355132
8,0.06659999999999999,2025-08-08 18:19:39.123965,2025-08-08 18:36:04.216811,pillbugNearQ,117543.93522654532,mosquitoNearStrong,295997.3430055495,spiderDistance,103904.2752201488,queenGate,296419.8341754317,ringPenalty,51345.07295859959,inPlay_0,327022.93629685324,inPlay_1,-349163.42780433,inPlay_2,503842.52407505014,inPlay_3,337601.21373787127,inPlay_4,72004.84655515512,inPlay_5,-510079.55031196564,inPlay_6,-349913.75489993143,inPlay_7,-260731.31396063924,isPinned_0,404330.1259719499,isPinned_1,320812.2460876447,isPinned_2,26813.063268100028,isPinned_3,-126746.53531473008,isPinned_4,424535.1600698248,isPinned_5,-567110.7839754184,isPinned_6,-377143.51664184337,isPinned_7,545843.5767857921,isCovered_0,-311814.6127975527,isCovered_1,-420495.5947534123,isCovered_2,-452223.72147957,isCovered_3,457393.04036786733,isCovered_4,-278717.9932317269,isCovered_5,-362907.6626982852,isCovered_6,45736.78698005504,isCovered_7,-588254.7620769155,noisyWeight_0,-572977.6297046517,noisyWeight_1,-227501.71057642956,noisyWeight_2,570515.135993354,noisyWeight_3,-192048.49209812115,noisyWeight_4,8665.053802119219,noisyWeight_5,-38540.95357910148,noisyWeight_6,-214964.00449617766,noisyWeight_7,-473020.89120856626,quietWeight_0,499702.6292355717,quietWeight_1,212663.55362966761,quietWeight_2,526395.4130438254,quietWeight_3,584985.2810910346,quietWeight_4,65693.61210403615,quietWeight_5,139018.62726605544,quietWeight_6,-73395.02785339486,quietWeight_7,468318.4120112718,friendlyNeighbor_0,283490.5951335068,friendlyNeighbor_1,-282857.8325057357,friendlyNeighbor_2,-38255.39013621118,friendlyNeighbor_3,92004.27879211062,friendlyNeighbor_4,-82678.41556132608,friendlyNeighbor_5,-275659.2586254307,friendlyNeighbor_6,-284774.47925799654,friendlyNeighbor_7,-176075.49613636296,enemyNeighbor_0,119223.21634926286,enemyNeighbor_1,-428325.7609389842,enemyNeighbor_2,-64879.41413259611,enemyNeighbor_3,151820.83673985815,enemyNeighbor_4,554284.2850773535,enemyNeighbor_5,-453123.9523843188,enemyNeighbor_6,12489.535438476363,enemyNeighbor_7,334821.13743337826
9,0.0714,2025-08-08 18:36:04.244378,2025-08-08 18:53:39.597148,pillbugNearQ,61048.78271921192,mosquitoNearStrong,345500.48096302775,spiderDistance,275418.7850580173,queenGate,69512.16819735721,ringPenalty,325888.23649706214,inPlay_0,144775.4797236768,inPlay_1,-40277.87514848239,inPlay_2,18354.567822622368,inPlay_3,216087.13635284314,inPlay_4,-389248.6800182725,inPlay_5,-533429.1364324592,inPlay_6,246040.58139916626,inPlay_7,374134.64159214066,isPinned_0,-116764.18834149302,isPinned_1,-24258.066588343005,isPinned_2,352559.7740290428,isPinned_3,598884.0704956839,isPinned_4,425173.57997946383,isPinned_5,-74409.40675155714,isPinned_6,490631.22918327106,isPinned_7,-236532.1994380284,isCovered_0,398167.4654258543,isCovered_1,-62577.66279460734,isCovered_2,-35514.11397448054,isCovered_3,-192133.46610817802,isCovered_4,-118659.38162807206,isCovered_5,-428605.7263232792,isCovered_6,482294.56436406286,isCovered_7,-246582.5444846173,noisyWeight_0,-466666.244034101,noisyWeight_1,-258720.17817268305,noisyWeight_2,243602.00745057547,noisyWeight_3,453996.95253573405,noisyWeight_4,-433875.5440681504,noisyWeight_5,76166.19442825299,noisyWeight_6,-10645.563063196605,noisyWeight_7,-410351.6764819099,quietWeight_0,-271961.13615605846,quietWeight_1,-458149.19862977247,quietWeight_2,-266677.4463614657,quietWeight_3,556775.6215508156,quietWeight_4,215306.16677374206,quietWeight_5,34401.30059442087,quietWeight_6,298472.5470127207,quietWeight_7,454215.5769924114,friendlyNeighbor_0,-439085.0171342095,friendlyNeighbor_1,126523.34087355982,friendlyNeighbor_2,-250703.51106739027,friendlyNeighbor_3,291327.55888336815,friendlyNeighbor_4,-236692.28089413512,friendlyNeighbor_5,-345900.5139746358,friendlyNeighbor_6,-196521.1077950407,friendlyNeighbor_7,263263.20097334555,enemyNeighbor_0,548403.3046180254,enemyNeighbor_1,-344642.53354548477,enemyNeighbor_2,-247228.81469651533,enemyNeighbor_3,-105185.17670019704,enemyNeighbor_4,-114969.87267940055,enemyNeighbor_5,-73549.58447385149,enemyNeighbor_6,-322396.1158398727,enemyNeighbor_7,-16744.59447105904
10,0.0465,2025-08-08 18:53:39.618667,2025-08-08 19:12:14.237765,pillbugNearQ,573942.4445584726,mosquitoNearStrong,230278.58177258787,spiderDistance,315175.0621401024,queenGate,256098.76384345948,ringPenalty,155503.8263048156,inPlay_0,-516828.5318694012,inPlay_1,410261.4203923745,inPlay_2,-256889.61572479224,inPlay_3,48491.877322017215,inPlay_4,27119.97756497329,inPlay_5,68707.37539234024,inPlay_6,-432421.6473632119,inPlay_7,558024.404704334,isPinned_0,-107147.77474055544,isPinned_1,72501.18942600465,isPinned_2,-467915.7536934436,isPinned_3,323344.5190174242,isPinned_4,-35302.16826759931,isPinned_5,206576.12274768087,isPinned_6,-541629.7935212527,isPinned_7,493258.93317413004,isCovered_0,59536.550465903594,isCovered_1,-383874.67856060585,isCovered_2,297086.1170416445,isCovered_3,500524.11213993025,isCovered_4,-511437.0689610086,isCovered_5,-396657.3217987651,isCovered_6,-185935.55144841335,isCovered_7,492129.5299617734,noisyWeight_0,-249508.1463317438,noisyWeight_1,401223.1130249605,noisyWeight_2,-273837.1136469153,noisyWeight_3,3721.582780026947,noisyWeight_4,-518483.69227805216,noisyWeight_5,493629.2242595614,noisyWeight_6,361974.92822193576,noisyWeight_7,-474003.15735571465,quietWeight_0,-279918.4032610761,quietWeight_1,25298.046045169933,quietWeight_2,-75425.55165265314,quietWeight_3,389542.26218514494,quietWeight_4,475459.37990483944,quietWeight_5,-231582.05656245333,quietWeight_6,-432984.88261631114,quietWeight_7,460257.9672500463,friendlyNeighbor_0,-24555.372805784806,friendlyNeighbor_1,514108.77603428694,friendlyNeighbor_2,-195930.8085738258,friendlyNeighbor_3,470246.9228644734,friendlyNeighbor_4,-94509.66034875612,friendlyNeighbor_5,66222.25361856527,friendlyNeighbor_6,82140.68990147277,friendlyNeighbor_7,-69783.79338156153,enemyNeighbor_0,332128.1381390053,enemyNeighbor_1,-436729.5153461532,enemyNeighbor_2,-21563.93301754177,enemyNeighbor_3,70538.23560371296,enemyNeighbor_4,361678.22319312266,enemyNeighbor_5,-228399.6144497306,enemyNeighbor_6,161040.87792523392,enemyNeighbor_7,562538.0573088564
11,0.42540000000000006,2025-08-08 19:12:14.259785,2025-08-08 19:30:50.256825,pillbugNearQ,560250.1000351055,mosquitoNearStrong,577358.9380338974,spiderDistance,361659.74154177913,queenGate,115068.77407647521,ringPenalty,587608.2934994797,inPlay_0,306739.3670073064,inPlay_1,174.40873109712265,inPlay_2,-596758.5333614757,inPlay_3,586265.5197613959,inPlay_4,-569487.5736906428,inPlay_5,549494.959215567,inPlay_6,-241870.47742834734,inPlay_7,-378026.65070658445,isPinned_0,-117451.81976098899,isPinned_1,230481.8430776645,isPinned_2,396335.3968279291,isPinned_3,-360884.58379614097,isPinned_4,-130832.74918838352,isPinned_5,292689.87128428486,isPinned_6,-592328.2913072947,isPinned_7,-250057.9000701679,isCovered_0,-412883.4794315017,isCovered_1,-57.14941234397702,isCovered_2,428148.6800782514,isCovered_3,-330087.3217098476,isCovered_4,439690.92250231944,isCovered_5,-443356.81791530247,isCovered_6,477126.6512021548,isCovered_7,-180362.88011865714,noisyWeight_0,-593105.8791972098,noisyWeight_1,320616.88428737584,noisyWeight_2,-408497.4911918793,noisyWeight_3,-503911.6106175075,noisyWeight_4,203659.04823749233,noisyWeight_5,-404509.35391382186,noisyWeight_6,321914.97254867177,noisyWeight_7,334502.46785950265,quietWeight_0,39000.91604687134,quietWeight_1,556848.9089268779,quietWeight_2,-1689.0231742903125,quietWeight_3,-430464.40732110676,quietWeight_4,575181.2131124218,quietWeight_5,-91414.25605058955,quietWeight_6,-304571.3046181561,quietWeight_7,557143.1766502245,friendlyNeighbor_0,-6578.809329650132,friendlyNeighbor_1,-267318.1431469753,friendlyNeighbor_2,-272798.55571211706,friendlyNeighbor_3,394466.67567748774,friendlyNeighbor_4,229088.0723404619,friendlyNeighbor_5,-143719.87593268038,friendlyNeighbor_6,287546.9019664603,friendlyNeighbor_7,260834.8755845736,enemyNeighbor_0,-43786.97300766467,enemyNeighbor_1,-468349.5239944868,enemyNeighbor_2,-439831.06457364326,enemyNeighbor_3,205126.2434475834,enemyNeighbor_4,-102384.17034125904,enemyNeighbor_5,-32841.51973110519,enemyNeighbor_6,-348018.2491214318,enemyNeighbor_7,179426.8327506571
12,0.05580000000000001,2025-08-08 19:30:50.280521,2025-08-08 19:44:18.593122,pillbugNearQ,374467.5796590548,mosquitoNearStrong,306109.5127613598,spiderDistance,146338.97515111236,queenGate,572636.5242117086,ringPenalty,142358.09357569314,inPlay_0,-563566.1525969697,inPlay_1,462123.3542685609,inPlay_2,-569377.2038644179,inPlay_3,-286976.887509531,inPlay_4,261139.67152112536,inPlay_5,95844.84528105403,inPlay_6,473780.64246424334,inPlay_7,-238000.79844250518,isPinned_0,548271.1130243114,isPinned_1,-108503.21055782406,isPinned_2,-4228.561611676705,isPinned_3,549947.5029030836,isPinned_4,-426790.8804447623,isPinned_5,-236028.605275688,isPinned_6,-85427.38960460707,isPinned_7,254534.32770194998,isCovered_0,416917.60401653673,isCovered_1,-398651.6070599788,isCovered_2,-377994.0563422452,isCovered_3,-157881.0611370242,isCovered_4,-105181.48853283754,isCovered_5,549528.5135749876,isCovered_6,314945.7849510213,isCovered_7,-345104.1236393581,noisyWeight_0,-163028.66446514084,noisyWeight_1,-386132.16945148853,noisyWeight_2,464784.7988679779,noisyWeight_3,576728.7276408644,noisyWeight_4,-593543.5368833962,noisyWeight_5,586530.7257468011,noisyWeight_6,282075.8854448723,noisyWeight_7,-483257.9498710836,quietWeight_0,-487130.25935607514,quietWeight_1,99597.01199700427,quietWeight_2,93096.15922142286,quietWeight_3,227364.47708471608,quietWeight_4,497460.09607529175,quietWeight_5,387677.2766319921,quietWeight_6,-144910.84089264425,quietWeight_7,-263636.2825203406,friendlyNeighbor_0,284670.58734771947,friendlyNeighbor_1,-565514.0004495732,friendlyNeighbor_2,-73382.70943922538,friendlyNeighbor_3,-337937.6711052609,friendlyNeighbor_4,-358268.8837208941,friendlyNeighbor_5,-461114.9514170507,friendlyNeighbor_6,-421165.7786476853,friendlyNeighbor_7,36664.3737228869,enemyNeighbor_0,-518195.92014050036,enemyNeighbor_1,578457.1406088932,enemyNeighbor_2,262921.1429961128,enemyNeighbor_3,-437929.6980986735,enemyNeighbor_4,-451930.38313439366,enemyNeighbor_5,-333631.73268940963,enemyNeighbor_6,-379473.1074891108,enemyNeighbor_7,190324.34815124096
13,0.0816,2025-08-08 19:44:18.616316,2025-08-08 20:04:52.476730,pillbugNearQ,288411.88166619476,mosquitoNearStrong,558767.6729235272,spiderDistance,506487.8330509512,queenGate,278346.52372151334,ringPenalty,144929.08299107422,inPlay_0,-474200.4020187832,inPlay_1,-470581.10775995004,inPlay_2,63502.707686451264,inPlay_3,-523351.6556527956,inPlay_4,320934.22687583615,inPlay_5,-256821.37768971856,inPlay_6,269668.074438173,inPlay_7,370508.4463683746,isPinned_0,-51362.118214900256,isPinned_1,-541590.6444574074,isPinned_2,-149696.4104483461,isPinned_3,47119.8810236007,isPinned_4,-12144.72174721153,isPinned_5,-7162.4382891219575,isPinned_6,564880.9335994802,isPinned_7,-543790.1983591294,isCovered_0,-437126.44677635405,isCovered_1,-252926.7072998992,isCovered_2,-272532.8678888804,isCovered_3,-418353.79345629306,isCovered_4,-546454.1557995775,isCovered_5,103726.62266994757,isCovered_6,273640.3807644269,isCovered_7,194658.0000853869,noisyWeight_0,201498.6657593142,noisyWeight_1,-494705.3557658078,noisyWeight_2,-483804.0406525086,noisyWeight_3,-572560.1909645135,noisyWeight_4,-458934.7108023185,noisyWeight_5,542345.5461324796,noisyWeight_6,448225.53408333275,noisyWeight_7,-200850.64114462998,quietWeight_0,480499.269318511,quietWeight_1,197078.49011039198,quietWeight_2,479913.4786710886,quietWeight_3,-297269.15477143246,quietWeight_4,-85939.46586663299,quietWeight_5,447640.17621264816,quietWeight_6,-514116.96727597195,quietWeight_7,-553125.0784078258,friendlyNeighbor_0,-530497.3448614796,friendlyNeighbor_1,-562875.586622311,friendlyNeighbor_2,117423.08552748675,friendlyNeighbor_3,394026.367854396,friendlyNeighbor_4,-467083.7939746161,friendlyNeighbor_5,86791.24246853509,friendlyNeighbor_6,334325.8857633645,friendlyNeighbor_7,524870.315562265,enemyNeighbor_0,598650.1181468694,enemyNeighbor_1,11367.527593446313,enemyNeighbor_2,259106.38716156792,enemyNeighbor_3,-49855.50279067992,enemyNeighbor_4,420234.386469982,enemyNeighbor_5,-192792.3878747294,enemyNeighbor_6,-383592.61775818304,enemyNeighbor_7,440328.0684726704
14,0.0618,2025-08-08 20:04:52.499560,2025-08-08 20:19:54.748024,pillbugNearQ,208712.55745230545,mosquitoNearStrong,21539.534176616173,spiderDistance,11562.92804878373,queenGate,27891.643159414823,ringPenalty,354025.5086275678,inPlay_0,-134091.30284623126,inPlay_1,210968.36052325714,inPlay_2,358902.81801120314,inPlay_3,-221258.71173022536,inPlay_4,-222494.76904130168,inPlay_5,391587.53072816017,inPlay_6,-28973.630393625284,inPlay_7,85166.84408096937,isPinned_0,-471222.47132886964,isPinned_1,557365.8088380723,isPinned_2,-599941.591715297,isPinned_3,-595098.2743863466,isPinned_4,-465582.1497071555,isPinned_5,-392835.5368965187,isPinned_6,175200.16756621658,isPinned_7,155541.72902532484,isCovered_0,-26528.02664061932,isCovered_1,480128.7672086327,isCovered_2,111087.9112358951,isCovered_3,154399.01694852623,isCovered_4,289228.5878234544,isCovered_5,64900.69104626235,isCovered_6,-583793.6349346968,isCovered_7,48911.50518105152,noisyWeight_0,500746.31908627274,noisyWeight_1,569984.6093787889,noisyWeight_2,222492.39859632577,noisyWeight_3,-302949.62023578404,noisyWeight_4,482454.8754525812,noisyWeight_5,274665.46939574776,noisyWeight_6,-574462.5407875007,noisyWeight_7,565131.6130409201,quietWeight_0,116659.63883619139,quietWeight_1,-367910.55595253926,quietWeight_2,-577441.0501424575,quietWeight_3,-80430.48811819105,quietWeight_4,-490955.88097465696,quietWeight_5,-584356.685047416,quietWeight_6,196164.3525720569,quietWeight_7,129597.23979123504,friendlyNeighbor_0,540695.7837572459,friendlyNeighbor_1,262759.9224540983,friendlyNeighbor_2,572275.498594449,friendlyNeighbor_3,-156765.50987195948,friendlyNeighbor_4,251019.82752434816,friendlyNeighbor_5,544197.9566248086,friendlyNeighbor_6,-59314.196727177485,friendlyNeighbor_7,-504965.38298007176,enemyNeighbor_0,-338125.3450543648,enemyNeighbor_1,118255.80779330921,enemyNeighbor_2,563190.9621178743,enemyNeighbor_3,588088.0654764969,enemyNeighbor_4,125100.23581367896,enemyNeighbor_5,426388.95651338756,enemyNeighbor_6,568519.807239979,enemyNeighbor_7,-395543.98497926217
15,0.137625,2025-08-08 20:19:54.776196,2025-08-08 21:05:04.590119,pillbugNearQ,432520.0371387443,mosquitoNearStrong,588538.2720232584,spiderDistance,322780.1330576469,queenGate,151691.93658198864,ringPenalty,590014.6688859325,inPlay_0,589813.1758624832,inPlay_1,125338.48926364961,inPlay_2,-542999.3843093205,inPlay_3,539353.9093323655,inPlay_4,-592784.610465265,inPlay_5,505120.3933790619,inPlay_6,-76295.61771993336,inPlay_7,-571792.6610948093,isPinned_0,-380482.53915986425,isPinned_1,220659.84878370672,isPinned_2,566954.306229979,isPinned_3,-390687.8786093576,isPinned_4,-219136.88868164152,isPinned_5,318114.7324110794,isPinned_6,-100488.16281060565,isPinned_7,-141724.9795993814,isCovered_0,-122939.62260502914,isCovered_1,148191.85982521062,isCovered_2,589185.3189803069,isCovered_3,-417150.44936402224,isCovered_4,516177.44272183545,isCovered_5,-127699.46837598627,isCovered_6,-245171.42792799088,isCovered_7,-173703.14087018432,noisyWeight_0,448029.554083211,noisyWeight_1,270873.7454639636,noisyWeight_2,-237797.71008206424,noisyWeight_3,-599944.7791814236,noisyWeight_4,320871.16845201404,noisyWeight_5,-410594.19737220433,noisyWeight_6,195647.90180297778,noisyWeight_7,313175.6007732216,quietWeight_0,20398.62128768523,quietWeight_1,525290.0967321937,quietWeight_2,213098.7573152981,quietWeight_3,-586605.1945107267,quietWeight_4,-307420.6632735851,quietWeight_5,-305516.08745461586,quietWeight_6,-284577.75131648965,quietWeight_7,137497.452722502,friendlyNeighbor_0,-143738.77385145013,friendlyNeighbor_1,-280549.4049029174,friendlyNeighbor_2,-511110.36266715784,friendlyNeighbor_3,18949.352635707008,friendlyNeighbor_4,231023.06430950062,friendlyNeighbor_5,-199959.15088131983,friendlyNeighbor_6,471017.48916232074,friendlyNeighbor_7,166531.20806600965,enemyNeighbor_0,-139401.73522723035,enemyNeighbor_1,221888.45267227906,enemyNeighbor_2,-470782.16050792445,enemyNeighbor_3,328805.8277711293,enemyNeighbor_4,-149278.89650291,enemyNeighbor_5,207323.2691927504,enemyNeighbor_6,-586270.638003754,enemyNeighbor_7,-198266.99649614905
16,0.0738,2025-08-08 21:05:04.619568,2025-08-08 21:23:16.632388,pillbugNearQ,18708.548933251644,mosquitoNearStrong,456491.9257745161,spiderDistance,399964.7665351531,queenGate,132302.37096633815,ringPenalty,562848.0019642123,inPlay_0,-110222.87206793006,inPlay_1,-204141.60477192278,inPlay_2,197900.9624990202,inPlay_3,571365.6383022182,inPlay_4,-198697.4461457769,inPlay_5,319872.21530079184,inPlay_6,-582503.9971044355,inPlay_7,-592892.6831681704,isPinned_0,171980.16822033847,isPinned_1,363373.18496958783,isPinned_2,286397.82673994976,isPinned_3,-285453.5353300674,isPinned_4,191163.22798901144,isPinned_5,229250.2058417101,isPinned_6,185311.28100862043,isPinned_7,-24942.95735414893,isCovered_0,155060.2483261655,isCovered_1,-109799.46656733283,isCovered_2,520329.58651738387,isCovered_3,-98598.51693678091,isCovered_4,185939.24512453162,isCovered_5,246079.50187510462,isCovered_6,591537.8422877898,isCovered_7,-81306.64333948825,noisyWeight_0,284052.0461457834,noisyWeight_1,194935.6307482374,noisyWeight_2,-193493.13371985644,noisyWeight_3,-373369.3803694812,noisyWeight_4,249421.57019507934,noisyWeight_5,-271786.2385847786,noisyWeight_6,150510.60750708252,noisyWeight_7,259844.54349012036,quietWeight_0,-151307.94741570097,quietWeight_1,511546.56216975785,quietWeight_2,-337558.5924413835,quietWeight_3,-15486.5535253103,quietWeight_4,-148369.4129228809,quietWeight_5,-170596.22215643807,quietWeight_6,103637.81209459703,quietWeight_7,-26174.139133758097,friendlyNeighbor_0,-230982.8822337239,friendlyNeighbor_1,-207501.47449615836,friendlyNeighbor_2,-430351.44999547757,friendlyNeighbor_3,-257411.02799027914,friendlyNeighbor_4,210906.71105119184,friendlyNeighbor_5,-100961.77633909436,friendlyNeighbor_6,242913.72890866647,friendlyNeighbor_7,-285717.41352939245,enemyNeighbor_0,-118853.44611605577,enemyNeighbor_1,-168348.74090638754,enemyNeighbor_2,-298158.4058838721,enemyNeighbor_3,-402053.89295782143,enemyNeighbor_4,83003.92551695844,enemyNeighbor_5,133499.70778990717,enemyNeighbor_6,-131588.10369332557,enemyNeighbor_7,65021.07576393072
17,0.09562499999999999,2025-08-08 21:23:16.658802,2025-08-08 21:59:06.341882,pillbugNearQ,201854.31488977803,mosquitoNearStrong,143932.85092521718,spiderDistance,188817.2847189867,queenGate,5661.428676302632,ringPenalty,473865.1016954327,inPlay_0,491142.6729251699,inPlay_1,166294.59288730388,inPlay_2,-314654.7715374012,inPlay_3,317190.38876688044,inPlay_4,-585301.3744574805,inPlay_5,591757.7855994252,inPlay_6,-163206.40153565299,inPlay_7,39913.75772513625,isPinned_0,-296497.260156021,isPinned_1,-274764.52717461926,isPinned_2,-296692.0415939691,isPinned_3,-336455.08946243173,isPinned_4,-208388.00006288936,isPinned_5,478244.36762260675,isPinned_6,-250205.97241688514,isPinned_7,-300242.0586173507,isCovered_0,-557422.5497290296,isCovered_1,296244.6187772295,isCovered_2,287647.8162474616,isCovered_3,-551071.3240568722,isCovered_4,587722.584632722,isCovered_5,-161722.05203068326,isCovered_6,-152018.72107914122,isCovered_7,-427897.8016195671,noisyWeight_0,-289825.8482638993,noisyWeight_1,114174.65758564798,noisyWeight_2,-586380.2105121253,noisyWeight_3,273853.1995922864,noisyWeight_4,-239127.35552381666,noisyWeight_5,-265367.3497789836,noisyWeight_6,540017.2774362115,noisyWeight_7,222898.35577245546,quietWeight_0,193227.22820385144,quietWeight_1,-204863.55897864708,quietWeight_2,249469.52461683215,quietWeight_3,-275174.62782024004,quietWeight_4,233214.5702834963,quietWeight_5,242425.2932708998,quietWeight_6,-254674.62662428207,quietWeight_7,226259.94961627037,friendlyNeighbor_0,148147.83306121177,friendlyNeighbor_1,-177648.85698485275,friendlyNeighbor_2,323404.1971046159,friendlyNeighbor_3,-577896.2423954793,friendlyNeighbor_4,481083.03751862416,friendlyNeighbor_5,355826.7016321673,friendlyNeighbor_6,538745.5183215281,friendlyNeighbor_7,302292.4197750066,enemyNeighbor_0,230638.37420557532,enemyNeighbor_1,-176243.3510521084,enemyNeighbor_2,156070.45231892646,enemyNeighbor_3,-589535.4008702168,enemyNeighbor_4,-360006.14146088634,enemyNeighbor_5,71891.24828410141,enemyNeighbor_6,484221.3600974408,enemyNeighbor_7,-152931.4742759376
18,0.0672,2025-08-08 21:59:06.376075,2025-08-08 22:15:33.184385,pillbugNearQ,591867.013502584,mosquitoNearStrong,415608.5038451528,spiderDistance,582873.4992302156,queenGate,422553.99507205526,ringPenalty,447849.76214699645,inPlay_0,74493.89956326233,inPlay_1,-24969.560403248102,inPlay_2,226293.35671454325,inPlay_3,108140.17427848822,inPlay_4,205532.19779712523,inPlay_5,-158659.07271320384,inPlay_6,134546.91608062564,inPlay_7,-404471.56253868394,isPinned_0,164337.9574172538,isPinned_1,103662.4126766711,isPinned_2,592307.3489942669,isPinned_3,161175.57818390138,isPinned_4,-256519.35678503095,isPinned_5,152941.52743335275,isPinned_6,179011.16377353814,isPinned_7,74272.5051116396,isCovered_0,-226142.55597488445,isCovered_1,44742.824135883195,isCovered_2,-191542.2543059173,isCovered_3,93141.69659804017,isCovered_4,143943.018451379,isCovered_5,406259.77743435453,isCovered_6,-341517.4735078479,isCovered_7,49419.98807898021,noisyWeight_0,-398698.1192806432,noisyWeight_1,397506.56849580107,noisyWeight_2,202682.28296735222,noisyWeight_3,178052.13662885057,noisyWeight_4,214175.16892071842,noisyWeight_5,192104.68751899805,noisyWeight_6,-227131.20920106757,noisyWeight_7,498103.64098917774,quietWeight_0,-153614.25008441388,quietWeight_1,383724.7397241911,quietWeight_2,-238912.22339894297,quietWeight_3,-544027.209052412,quietWeight_4,235574.26458430436,quietWeight_5,-436265.8687861712,quietWeight_6,2870.7540882691533,quietWeight_7,-114691.61105649716,friendlyNeighbor_0,-296213.42829877394,friendlyNeighbor_1,285680.69153988507,friendlyNeighbor_2,-299407.6794225004,friendlyNeighbor_3,581220.5603320475,friendlyNeighbor_4,102636.42437383914,friendlyNeighbor_5,-542166.0179421469,friendlyNeighbor_6,-47042.42480401718,friendlyNeighbor_7,83642.62062075785,enemyNeighbor_0,-227214.71952862758,enemyNeighbor_1,-583944.0097205102,enemyNeighbor_2,-259551.1340760346,enemyNeighbor_3,315330.5603611002,enemyNeighbor_4,-246465.40780031204,enemyNeighbor_5,424489.5945754695,enemyNeighbor_6,294821.32034917234,enemyNeighbor_7,145681.9687973858
19,0.048,2025-08-08 22:15:33.225799,2025-08-08 22:26:33.803560,pillbugNearQ,338252.5651269164,mosquitoNearStrong,466911.9745429241,spiderDistance,3422.7607503787776,queenGate,143238.84043191498,ringPenalty,2578.2754841668066,inPlay_0,-298005.26341588784,inPlay_1,-241864.52136685545,inPlay_2,-277655.5327822848,inPlay_3,-461373.17276190885,inPlay_4,-166978.35108989588,inPlay_5,308386.3103301764,inPlay_6,84688.98319333157,inPlay_7,186487.33451923786,isPinned_0,171526.33762463453,isPinned_1,454595.74890353705,isPinned_2,262190.32752320333,isPinned_3,-496818.4685938744,isPinned_4,222938.47753218366,isPinned_5,-167812.67947093473,isPinned_6,-311553.5382817035,isPinned_7,-75041.39025103509,isCovered_0,233482.24453147603,isCovered_1,-192637.28542401534,isCovered_2,352584.99928821495,isCovered_3,-293246.1059524021,isCovered_4,350596.9973829796,isCovered_5,-597912.4513996625,isCovered_6,390158.3977047089,isCovered_7,205017.96182899585,noisyWeight_0,-53510.54328122514,noisyWeight_1,536779.4183220803,noisyWeight_2,-133410.45389393522,noisyWeight_3,-178915.06632963748,noisyWeight_4,573365.660116896,noisyWeight_5,-212140.93436802563,noisyWeight_6,586245.8289641241,noisyWeight_7,-137069.8174142407,quietWeight_0,254121.71070180114,quietWeight_1,-151073.812329008,quietWeight_2,74236.45705554067,quietWeight_3,163859.52212520083,quietWeight_4,-552127.7223280264,quietWeight_5,-60956.58247232775,quietWeight_6,-334966.0559277168,quietWeight_7,-393939.24515653256,friendlyNeighbor_0,129962.14092780491,friendlyNeighbor_1,-79320.77009593337,friendlyNeighbor_2,297568.5118085919,friendlyNeighbor_3,200498.43957341515,friendlyNeighbor_4,420975.8764818538,friendlyNeighbor_5,231791.5261353964,friendlyNeighbor_6,363390.556854777,friendlyNeighbor_7,289376.53626767785,enemyNeighbor_0,344444.26920109853,enemyNeighbor_1,303435.34900832316,enemyNeighbor_2,115694.61217650387,enemyNeighbor_3,-280489.39449916076,enemyNeighbor_4,184742.63627424126,enemyNeighbor_5,-596022.011490199,enemyNeighbor_6,-165898.61026576688,enemyNeighbor_7,-590697.9861585428
20,0.0438,2025-08-08 22:26:33.825385,2025-08-08 22:36:31.035449,pillbugNearQ,471967.2017445928,mosquitoNearStrong,11493.69784382882,spiderDistance,406036.44445560157,queenGate,204775.03882233234,ringPenalty,237512.1280365515,inPlay_0,353948.8876395445,inPlay_1,-587833.5490461813,inPlay_2,-100682.68655834341,inPlay_3,-93726.45293183108,inPlay_4,437495.9616501068,inPlay_5,-193933.21171634836,inPlay_6,-208342.22466680617,inPlay_7,-93994.09387350421,isPinned_0,-281190.1916775907,isPinned_1,-143514.5474397957,isPinned_2,-225600.6141785998,isPinned_3,-179156.92595343653,isPinned_4,599498.8929023254,isPinned_5,41011.05646421312,isPinned_6,53556.324312235134,isPinned_7,306928.07458244317,isCovered_0,-342227.2340611766,isCovered_1,-586267.4190602805,isCovered_2,109066.81439760159,isCovered_3,289462.49383922,isCovered_4,38375.637052941565,isCovered_5,-118291.88737763527,isCovered_6,14056.290909607196,isCovered_7,-68393.14093917009,noisyWeight_0,357656.5899481128,noisyWeight_1,5945.25472147332,noisyWeight_2,86879.21454503859,noisyWeight_3,-378366.60184983356,noisyWeight_4,151073.47551524773,noisyWeight_5,-594405.0352872188,noisyWeight_6,-197093.66502198004,noisyWeight_7,129725.89427571872,quietWeight_0,-60949.936624524664,quietWeight_1,366389.7398244097,quietWeight_2,332905.3938671881,quietWeight_3,-211152.00285754987,quietWeight_4,-295130.28108049923,quietWeight_5,259283.83381015185,quietWeight_6,311519.373910854,quietWeight_7,592282.642620982,friendlyNeighbor_0,444468.6041213463,friendlyNeighbor_1,-411230.5559981328,friendlyNeighbor_2,-151808.17047705606,friendlyNeighbor_3,-117628.55169576441,friendlyNeighbor_4,55063.98094260088,friendlyNeighbor_5,-120259.3554373944,friendlyNeighbor_6,-573192.4613551192,friendlyNeighbor_7,-382418.7459964788,enemyNeighbor_0,4982.992297738121,enemyNeighbor_1,-160184.37397660624,enemyNeighbor_2,484927.850965237,enemyNeighbor_3,252138.60654092103,enemyNeighbor_4,-567459.2280249376,enemyNeighbor_5,228736.56947521304,enemyNeighbor_6,-583888.2562683688,enemyNeighbor_7,-99655.61701893294
21,0.103125,2025-08-08 22:36:31.062716,2025-08-08 23:09:58.398289,pillbugNearQ,234690.85232264097,mosquitoNearStrong,213822.87348021485,spiderDistance,241055.4128183762,queenGate,390163.45069703227,ringPenalty,402185.93684708566,inPlay_0,-47909.66404965213,inPlay_1,310256.6580377406,inPlay_2,-411555.3561746985,inPlay_3,394930.59705853875,inPlay_4,-346721.9192071292,inPlay_5,191298.8858738881,inPlay_6,528608.7478735262,inPlay_7,-431768.0110907269,isPinned_0,95958.7762607593,isPinned_1,204748.50840787077,isPinned_2,145594.69004421073,isPinned_3,-177317.6452717694,isPinned_4,-110979.11606973337,isPinned_5,382267.8697614586,isPinned_6,359232.7172338483,isPinned_7,-293925.94432481914,isCovered_0,-582802.3323671082,isCovered_1,363742.08068873483,isCovered_2,-11733.420902154481,isCovered_3,-37881.865976860085,isCovered_4,391338.8949825664,isCovered_5,-594070.2902173835,isCovered_6,-464524.6694592442,isCovered_7,401464.7556269163,noisyWeight_0,87042.5927064793,noisyWeight_1,327195.7545239302,noisyWeight_2,315166.5977200663,noisyWeight_3,124382.04898604535,noisyWeight_4,-164227.76248102274,noisyWeight_5,-159021.34880919833,noisyWeight_6,117203.40132170654,noisyWeight_7,408575.40476977715,quietWeight_0,-589830.4772323449,quietWeight_1,-567359.4250581962,quietWeight_2,-131987.63753274764,quietWeight_3,-426995.1755394969,quietWeight_4,584099.172875931,quietWeight_5,594717.0451364967,quietWeight_6,-186802.1041311196,quietWeight_7,306998.66166263033,friendlyNeighbor_0,-63003.472784038066,friendlyNeighbor_1,93138.53288410409,friendlyNeighbor_2,-392885.73117321165,friendlyNeighbor_3,-438874.9677704511,friendlyNeighbor_4,-196646.91478811577,friendlyNeighbor_5,343999.1047068596,friendlyNeighbor_6,77551.43120424451,friendlyNeighbor_7,-98373.43779529522,enemyNeighbor_0,-402376.0686376584,enemyNeighbor_1,342144.3799900496,enemyNeighbor_2,-122396.00028784307,enemyNeighbor_3,561489.8501285415,enemyNeighbor_4,-101879.18276336844,enemyNeighbor_5,-47805.818836172206,enemyNeighbor_6,-160509.6999420446,enemyNeighbor_7,-298917.7057508756
22,0.0744,2025-08-08 23:09:58.419397,2025-08-08 23:28:32.036399,pillbugNearQ,119603.23468846793,mosquitoNearStrong,109495.19666020309,spiderDistance,405302.0264758079,queenGate,108925.60960663439,ringPenalty,249938.27952263269,inPlay_0,191648.49492178636,inPlay_1,-19633.05357868275,inPlay_2,161079.3275569538,inPlay_3,-229976.26602576915,inPlay_4,122167.80922652129,inPlay_5,-360064.1471114369,inPlay_6,-481543.1229998274,inPlay_7,-386127.23043504346,isPinned_0,336722.8150371115,isPinned_1,-460264.8899988018,isPinned_2,426246.64339146763,isPinned_3,181632.74459504176,isPinned_4,-561314.9709886813,isPinned_5,81476.04221576842,isPinned_6,-195066.99488488768,isPinned_7,-160487.19448933424,isCovered_0,-135683.73271846055,isCovered_1,51335.395843266604,isCovered_2,418166.9256608042,isCovered_3,-265828.408644612,isCovered_4,-223218.7152221109,isCovered_5,232663.36035409744,isCovered_6,150001.42024991673,isCovered_7,-431429.0007656027,noisyWeight_0,-130090.54817294364,noisyWeight_1,145363.4346499431,noisyWeight_2,-341839.3106521865,noisyWeight_3,357707.74435073487,noisyWeight_4,340908.79982910206,noisyWeight_5,261781.2461017396,noisyWeight_6,386930.42461762903,noisyWeight_7,-174590.44082139587,quietWeight_0,79601.05208212105,quietWeight_1,-110372.37946781974,quietWeight_2,-524020.0639253002,quietWeight_3,124428.69942285665,quietWeight_4,74296.80677336776,quietWeight_5,-109201.30091216388,quietWeight_6,-579740.5986166085,quietWeight_7,51173.061329755685,friendlyNeighbor_0,126019.3626521757,friendlyNeighbor_1,-419267.22107893554,friendlyNeighbor_2,-572429.7374790672,friendlyNeighbor_3,205995.68074274363,friendlyNeighbor_4,-595148.1014660753,friendlyNeighbor_5,2170.1368161513237,friendlyNeighbor_6,-103688.19922354497,friendlyNeighbor_7,443324.2480262822,enemyNeighbor_0,163892.49391081513,enemyNeighbor_1,5253.256121729348,enemyNeighbor_2,-373970.81002118334,enemyNeighbor_3,-594738.2174335466,enemyNeighbor_4,17479.06568655756,enemyNeighbor_5,564017.0587605252,enemyNeighbor_6,373889.4782913043,enemyNeighbor_7,216935.31953268324
23,0.0402,2025-08-08 23:28:32.067023,2025-08-08 23:37:35.749322,pillbugNearQ,410631.5952301951,mosquitoNearStrong,521087.1695101708,spiderDistance,80495.54674218426,queenGate,213034.20286510166,ringPenalty,252055.78793292996,inPlay_0,-284411.01373535476,inPlay_1,573562.9825034443,inPlay_2,-122920.52507091704,inPlay_3,190735.0176085399,inPlay_4,-64493.19732435985,inPlay_5,-74789.06151840276,inPlay_6,-108278.74883038293,inPlay_7,199151.83719191258,isPinned_0,-210250.92587529862,isPinned_1,-345768.66720248887,isPinned_2,-103449.99666932756,isPinned_3,-454987.9188030317,isPinned_4,-339920.52640450315,isPinned_5,-301969.0398554,isPinned_6,53771.71918541896,isPinned_7,-466564.58629997756,isCovered_0,581447.770595102,isCovered_1,593425.4405414558,isCovered_2,177541.29468974617,isCovered_3,319056.9855796112,isCovered_4,70155.08829330424,isCovered_5,-237504.49051091107,isCovered_6,581198.7723807684,isCovered_7,-224139.36029860712,noisyWeight_0,-594215.092569678,noisyWeight_1,-86672.23699739829,noisyWeight_2,-123675.16930690536,noisyWeight_3,-180485.31109166107,noisyWeight_4,126305.00487644286,noisyWeight_5,-384604.348003928,noisyWeight_6,-119783.29384579853,noisyWeight_7,85206.92806884473,quietWeight_0,363591.8000070582,quietWeight_1,595707.6695040312,quietWeight_2,84827.54478582334,quietWeight_3,-149868.3589324324,quietWeight_4,341586.53793593845,quietWeight_5,103288.18002664985,quietWeight_6,26852.767767145615,quietWeight_7,301218.95032630995,friendlyNeighbor_0,-284955.1287226919,friendlyNeighbor_1,-72765.82482658654,friendlyNeighbor_2,73178.59587817524,friendlyNeighbor_3,-96384.23005733301,friendlyNeighbor_4,352069.0000567734,friendlyNeighbor_5,-383189.69398944627,friendlyNeighbor_6,241476.5605325518,friendlyNeighbor_7,143858.15956020233,enemyNeighbor_0,-101502.64852907485,enemyNeighbor_1,-591444.5965321333,enemyNeighbor_2,-598004.9719806185,enemyNeighbor_3,434917.59721247986,enemyNeighbor_4,246326.5355115929,enemyNeighbor_5,-105221.7309893265,enemyNeighbor_6,22453.94001970484,enemyNeighbor_7,21115.01549961959
24,0.052199999999999996,2025-08-08 23:37:35.771613,2025-08-08 23:49:56.846971,pillbugNearQ,508479.85268919193,mosquitoNearStrong,390809.4375347544,spiderDistance,211867.88586546306,queenGate,73854.15767646497,ringPenalty,533290.0468111685,inPlay_0,459524.3250326571,inPlay_1,-359803.15823831095,inPlay_2,385063.3159053305,inPlay_3,467172.4957014313,inPlay_4,-476706.3474966224,inPlay_5,220197.13406418546,inPlay_6,68017.55523257337,inPlay_7,-101123.01600620383,isPinned_0,-534932.9054768649,isPinned_1,142858.01150748818,isPinned_2,-347939.15305639245,isPinned_3,-253657.4996016107,isPinned_4,119656.3388214116,isPinned_5,-116514.50005499442,isPinned_6,-593198.5741208346,isPinned_7,54000.064762529335,isCovered_0,195176.87429398895,isCovered_1,217877.20189039255,isCovered_2,-574352.5616579981,isCovered_3,37080.651426896904,isCovered_4,-359657.23427298764,isCovered_5,-35013.15958806581,isCovered_6,209402.51165099192,isCovered_7,70680.98912394658,noisyWeight_0,-330132.7084774793,noisyWeight_1,440941.49881548673,noisyWeight_2,100990.85007230655,noisyWeight_3,-479654.13121982274,noisyWeight_4,-319101.8208884049,noisyWeight_5,401773.70980801154,noisyWeight_6,-327549.20312313933,noisyWeight_7,-259456.4873172721,quietWeight_0,-74713.25660912352,quietWeight_1,348875.5953609465,quietWeight_2,-383725.32511113584,quietWeight_3,62024.296606641874,quietWeight_4,-319463.4529673235,quietWeight_5,-375987.1346412303,quietWeight_6,-386831.83157574583,quietWeight_7,-347157.1824013018,friendlyNeighbor_0,261818.1974179484,friendlyNeighbor_1,545870.9185791779,friendlyNeighbor_2,259309.93547922742,friendlyNeighbor_3,-333626.77488484874,friendlyNeighbor_4,135743.48954093026,friendlyNeighbor_5,-86431.76872609273,friendlyNeighbor_6,599516.1831484872,friendlyNeighbor_7,372381.2877888872,enemyNeighbor_0,-257858.63860593972,enemyNeighbor_1,-91251.57779285865,enemyNeighbor_2,-131678.8289475769,enemyNeighbor_3,62747.049214677885,enemyNeighbor_4,-286556.4353562596,enemyNeighbor_5,303668.72616148536,enemyNeighbor_6,-278426.93780724314,enemyNeighbor_7,309164.64792251424
25,0.0594,2025-08-08 23:49:56.872067,2025-08-09 00:04:20.138286,pillbugNearQ,434124.1590945362,mosquitoNearStrong,582076.4841851444,spiderDistance,331616.01781679614,queenGate,175771.81430214806,ringPenalty,577334.7233234923,inPlay_0,560252.7604874221,inPlay_1,141053.34810097297,inPlay_2,-583900.427603764,inPlay_3,570436.9932878301,inPlay_4,-561730.6254209293,inPlay_5,548129.1459365455,inPlay_6,-57662.42196036143,inPlay_7,-583070.3888880103,isPinned_0,-402675.14832495095,isPinned_1,251927.15938265377,isPinned_2,594725.4434777498,isPinned_3,-432942.912191807,isPinned_4,-146180.75867888026,isPinned_5,347532.4082774789,isPinned_6,-86822.28707126115,isPinned_7,-137967.36656743014,isCovered_0,-115400.48523001163,isCovered_1,125996.04698270428,isCovered_2,568714.0042245014,isCovered_3,-442934.69352936524,isCovered_4,596788.0569914106,isCovered_5,-253663.70981749165,isCovered_6,-120373.69601556107,isCovered_7,-173360.1403705327,noisyWeight_0,389154.8160329147,noisyWeight_1,254966.85793245677,noisyWeight_2,-330241.21911108104,noisyWeight_3,-574844.7784607696,noisyWeight_4,393768.3251229498,noisyWeight_5,-420639.77630655776,noisyWeight_6,233168.5527342032,noisyWeight_7,374338.60833732656,quietWeight_0,31998.95223481991,quietWeight_1,494408.4355669411,quietWeight_2,303322.22386508476,quietWeight_3,-569585.7699066827,quietWeight_4,-355713.905519577,quietWeight_5,-328015.55157184304,quietWeight_6,-289985.4123901672,quietWeight_7,112319.36145350453,friendlyNeighbor_0,-140815.813739255,friendlyNeighbor_1,-313014.81330493215,friendlyNeighbor_2,-510273.5726306939,friendlyNeighbor_3,88418.32221750228,friendlyNeighbor_4,261718.49974561637,friendlyNeighbor_5,-230740.7586023925,friendlyNeighbor_6,418122.4671372347,friendlyNeighbor_7,167614.92000852193,enemyNeighbor_0,-117843.92981061476,enemyNeighbor_1,195138.94011368346,enemyNeighbor_2,-404023.566907904,enemyNeighbor_3,270803.5404434783,enemyNeighbor_4,-99771.5015734687,enemyNeighbor_5,107930.13004480687,enemyNeighbor_6,-564330.2528350188,enemyNeighbor_7,-201175.53695485383
26,0.0408,2025-08-09 00:04:20.161668,2025-08-09 00:13:38.045722,pillbugNearQ,534575.7213019361,mosquitoNearStrong,598391.0055888327,spiderDistance,337762.43353422976,queenGate,61703.9454441384,ringPenalty,504026.2284359246,inPlay_0,585950.0324966174,inPlay_1,115524.2830747632,inPlay_2,-452831.95736012876,inPlay_3,569315.1362532865,inPlay_4,-368903.34816272196,inPlay_5,485357.8322083536,inPlay_6,-295924.58326060505,inPlay_7,-499987.14988195186,isPinned_0,-592433.0523206744,isPinned_1,-5048.345159292834,isPinned_2,444719.8238802771,isPinned_3,-390187.7323679433,isPinned_4,-280947.30149161,isPinned_5,317479.9436183171,isPinned_6,-424581.8735690253,isPinned_7,-347874.2969193294,isCovered_0,-6559.744849379775,isCovered_1,-43868.21558468742,isCovered_2,583044.7564896974,isCovered_3,-587970.4672149173,isCovered_4,481403.356307327,isCovered_5,-29348.492111121537,isCovered_6,-229294.458606994,isCovered_7,-120616.56454659098,noisyWeight_0,547498.9560011895,noisyWeight_1,271855.41463692737,noisyWeight_2,-202749.21862583735,noisyWeight_3,-469081.59834292356,noisyWeight_4,336590.32755123643,noisyWeight_5,-109696.41914513598,noisyWeight_6,144149.1489809059,noisyWeight_7,291638.23133556795,quietWeight_0,168433.05664039197,quietWeight_1,597577.5023952026,quietWeight_2,170620.05136307213,quietWeight_3,-406318.19037604926,quietWeight_4,-130299.02293985907,quietWeight_5,-278115.3411618583,quietWeight_6,-147770.2455220042,quietWeight_7,-79697.79563426311,friendlyNeighbor_0,-154526.75087976412,friendlyNeighbor_1,-139239.5047840366,friendlyNeighbor_2,-335017.42304939736,friendlyNeighbor_3,15986.58478064839,friendlyNeighbor_4,-47189.92522147496,friendlyNeighbor_5,-200681.33651186625,friendlyNeighbor_6,463727.48585808085,friendlyNeighbor_7,171778.7764266625,enemyNeighbor_0,-52099.72989904021,enemyNeighbor_1,150076.76868533442,enemyNeighbor_2,-467794.00688973634,enemyNeighbor_3,390597.3601445068,enemyNeighbor_4,-182089.83686084335,enemyNeighbor_5,241944.08477783567,enemyNeighbor_6,-443064.8891720528,enemyNeighbor_7,-333609.3742743253
